-- ═══════════════════════════════════════════════════════
-- Construction Scheduler Seed Data
-- Safe to re-run: cleans up any partial data first
-- ═══════════════════════════════════════════════════════

-- Clean up in correct order (respecting foreign keys)
DELETE FROM cs_notifications WHERE project_id IN ('b1000000-0000-0000-0000-000000000001','b1000000-0000-0000-0000-000000000002','b1000000-0000-0000-0000-000000000003','b1000000-0000-0000-0000-000000000004');
DELETE FROM cs_template_tasks WHERE template_id IN ('ae100000-0000-0000-0000-000000000001','ae100000-0000-0000-0000-000000000002','ae100000-0000-0000-0000-000000000003');
DELETE FROM cs_template_phases WHERE template_id IN ('ae100000-0000-0000-0000-000000000001','ae100000-0000-0000-0000-000000000002','ae100000-0000-0000-0000-000000000003');
DELETE FROM cs_templates WHERE id IN ('ae100000-0000-0000-0000-000000000001','ae100000-0000-0000-0000-000000000002','ae100000-0000-0000-0000-000000000003');
DELETE FROM cs_tasks WHERE project_id IN ('b1000000-0000-0000-0000-000000000001','b1000000-0000-0000-0000-000000000002','b1000000-0000-0000-0000-000000000003','b1000000-0000-0000-0000-000000000004');
DELETE FROM cs_phases WHERE project_id IN ('b1000000-0000-0000-0000-000000000001','b1000000-0000-0000-0000-000000000002','b1000000-0000-0000-0000-000000000003','b1000000-0000-0000-0000-000000000004');
DELETE FROM cs_sub_tokens WHERE sub_id IN (SELECT id FROM cs_subs WHERE id LIKE 'a1000000%');
DELETE FROM cs_projects WHERE id IN ('b1000000-0000-0000-0000-000000000001','b1000000-0000-0000-0000-000000000002','b1000000-0000-0000-0000-000000000003','b1000000-0000-0000-0000-000000000004');
DELETE FROM cs_subs WHERE id LIKE 'a1000000%';

-- ─── Subcontractors ──────────────────────────────────
INSERT INTO cs_subs (id, name, company, trade, phone, email, notes) VALUES
  ('a1000000-0000-0000-0000-000000000001', 'Mike Torres', 'Torres Excavation LLC', 'Excavation', '+13525551001', 'mike@torresexcavation.com', 'Reliable. Has his own crew of 4.'),
  ('a1000000-0000-0000-0000-000000000002', 'Dave Kowalski', 'Kowalski Concrete', 'Foundation', '+13525551002', 'dave@kowalskiconcrete.com', 'Does foundations and flatwork. 2-week lead time.'),
  ('a1000000-0000-0000-0000-000000000003', 'James "Red" Patterson', 'Red''s Framing', 'Framing', '+13525551003', 'red@redsframing.com', 'Fast crew. Prefers 3-day minimum jobs.'),
  ('a1000000-0000-0000-0000-000000000004', 'Carlos Mendez', 'CM Roofing', 'Roofing', '+13525551004', 'carlos@cmroofing.com', NULL),
  ('a1000000-0000-0000-0000-000000000005', 'Bill Harper', 'Harper Plumbing Inc', 'Plumbing', '+13525551005', 'bill@harperplumbing.com', 'Licensed master plumber. Does rough-in and trim.'),
  ('a1000000-0000-0000-0000-000000000006', 'Tony Ricci', 'Ricci Electric', 'Electrical', '+13525551006', 'tony@riccielectric.com', 'Licensed electrician. Panel upgrades and rough-in.'),
  ('a1000000-0000-0000-0000-000000000007', 'Scott Yamamoto', 'Comfort Zone HVAC', 'HVAC', '+13525551007', 'scott@comfortzonehvac.com', 'Carrier dealer. Does ductwork and install.'),
  ('a1000000-0000-0000-0000-000000000008', 'Luis Vargas', 'Vargas Drywall', 'Drywall', '+13525551008', 'luis@vargasdrywall.com', 'Hang and finish. Crew of 6.'),
  ('a1000000-0000-0000-0000-000000000009', 'Pete Nakamura', 'Nakamura Painting', 'Painting', '+13525551009', 'pete@nakamurapaint.com', 'Interior and exterior. Sprays and brushwork.'),
  ('a1000000-0000-0000-0000-000000000010', 'Ryan O''Brien', 'Precision Tile & Stone', 'Tile', '+13525551010', 'ryan@precisiontile.com', 'Bathrooms and kitchens. Custom work.'),
  ('a1000000-0000-0000-0000-000000000011', 'Frank Deluca', 'Deluca Flooring', 'Flooring', '+13525551011', 'frank@delucaflooring.com', 'Hardwood, LVP, carpet. Fast installs.'),
  ('a1000000-0000-0000-0000-000000000012', 'Nathan Cole', 'Cole Insulation', 'Insulation', '+13525551012', 'nathan@coleinsulation.com', 'Spray foam and batt. Energy Star certified.'),
  ('a1000000-0000-0000-0000-000000000013', 'Andy Kim', 'Kim Cabinet & Trim', 'Cabinetry', '+13525551013', 'andy@kimcabinets.com', 'Custom cabinets. 4-week lead on orders.'),
  ('a1000000-0000-0000-0000-000000000014', 'Jorge Ramirez', 'Green Thumb Landscaping', 'Landscaping', '+13525551014', 'jorge@greenthumbfl.com', 'Sod, irrigation, hardscape.'),
  ('a1000000-0000-0000-0000-000000000015', 'Steve Marsh', 'Marsh Windows & Doors', 'Windows & Doors', '+13525551015', 'steve@marshwindows.com', 'Pella and Andersen dealer.');

-- ═══════════════════════════════════════════════════════
-- PROJECT 1: Active new construction build
-- ═══════════════════════════════════════════════════════
INSERT INTO cs_projects (id, name, address, pm_name, status, start_date, estimated_end_date, notes) VALUES
  ('b1000000-0000-0000-0000-000000000001', 'Lakewood Custom Home', '1247 Lakewood Dr, Mount Dora, FL 32757', 'Preston Wilson', 'active', '2026-03-02', '2026-07-15', 'Custom 3BR/2BA lakefront home. Owner: Henderson family.');

-- Phases
INSERT INTO cs_phases (id, project_id, name, sort_order, color) VALUES
  ('c1000000-0000-0000-0000-000000000001', 'b1000000-0000-0000-0000-000000000001', 'Site Work', 0, '#f97316'),
  ('c1000000-0000-0000-0000-000000000002', 'b1000000-0000-0000-0000-000000000001', 'Foundation', 1, '#6b7280'),
  ('c1000000-0000-0000-0000-000000000003', 'b1000000-0000-0000-0000-000000000001', 'Framing & Dry-In', 2, '#3b82f6'),
  ('c1000000-0000-0000-0000-000000000004', 'b1000000-0000-0000-0000-000000000001', 'Rough-Ins', 3, '#8b5cf6'),
  ('c1000000-0000-0000-0000-000000000005', 'b1000000-0000-0000-0000-000000000001', 'Insulation & Drywall', 4, '#06b6d4'),
  ('c1000000-0000-0000-0000-000000000006', 'b1000000-0000-0000-0000-000000000001', 'Finishes', 5, '#22c55e'),
  ('c1000000-0000-0000-0000-000000000007', 'b1000000-0000-0000-0000-000000000001', 'Final', 6, '#d4af37');

-- Tasks with dependencies (realistic new construction timeline)
INSERT INTO cs_tasks (id, project_id, phase_id, name, start_date, end_date, duration_days, dependency_id, sub_id, status, notes, sort_order) VALUES
  -- Site Work
  ('d1000000-0000-0000-0000-000000000001', 'b1000000-0000-0000-0000-000000000001', 'c1000000-0000-0000-0000-000000000001', 'Clear & Grade Lot', '2026-03-02', '2026-03-04', 3, NULL, 'a1000000-0000-0000-0000-000000000001', 'completed', 'Remove trees, grade for drainage', 0),
  ('d1000000-0000-0000-0000-000000000002', 'b1000000-0000-0000-0000-000000000001', 'c1000000-0000-0000-0000-000000000001', 'Dig Footers', '2026-03-05', '2026-03-06', 2, 'd1000000-0000-0000-0000-000000000001', 'a1000000-0000-0000-0000-000000000001', 'completed', NULL, 1),
  -- Foundation
  ('d1000000-0000-0000-0000-000000000003', 'b1000000-0000-0000-0000-000000000001', 'c1000000-0000-0000-0000-000000000002', 'Pour Footers', '2026-03-09', '2026-03-10', 2, 'd1000000-0000-0000-0000-000000000002', 'a1000000-0000-0000-0000-000000000002', 'completed', 'Passed inspection 3/11', 2),
  ('d1000000-0000-0000-0000-000000000004', 'b1000000-0000-0000-0000-000000000001', 'c1000000-0000-0000-0000-000000000002', 'Foundation Walls & Slab', '2026-03-11', '2026-03-14', 4, 'd1000000-0000-0000-0000-000000000003', 'a1000000-0000-0000-0000-000000000002', 'completed', 'Monolithic slab pour', 3),
  ('d1000000-0000-0000-0000-000000000005', 'b1000000-0000-0000-0000-000000000001', 'c1000000-0000-0000-0000-000000000002', 'Foundation Cure & Inspect', '2026-03-15', '2026-03-21', 7, 'd1000000-0000-0000-0000-000000000004', NULL, 'completed', '7 day cure minimum', 4),
  -- Framing & Dry-In
  ('d1000000-0000-0000-0000-000000000006', 'b1000000-0000-0000-0000-000000000001', 'c1000000-0000-0000-0000-000000000003', 'Frame Walls', '2026-03-22', '2026-03-28', 7, 'd1000000-0000-0000-0000-000000000005', 'a1000000-0000-0000-0000-000000000003', 'completed', NULL, 5),
  ('d1000000-0000-0000-0000-000000000007', 'b1000000-0000-0000-0000-000000000001', 'c1000000-0000-0000-0000-000000000003', 'Frame Roof / Trusses', '2026-03-29', '2026-04-02', 5, 'd1000000-0000-0000-0000-000000000006', 'a1000000-0000-0000-0000-000000000003', 'in_progress', 'Trusses delivered 3/28', 6),
  ('d1000000-0000-0000-0000-000000000008', 'b1000000-0000-0000-0000-000000000001', 'c1000000-0000-0000-0000-000000000003', 'Install Roof Sheathing', '2026-04-03', '2026-04-04', 2, 'd1000000-0000-0000-0000-000000000007', 'a1000000-0000-0000-0000-000000000003', 'pending', NULL, 7),
  ('d1000000-0000-0000-0000-000000000009', 'b1000000-0000-0000-0000-000000000001', 'c1000000-0000-0000-0000-000000000003', 'Install Roofing', '2026-04-05', '2026-04-09', 5, 'd1000000-0000-0000-0000-000000000008', 'a1000000-0000-0000-0000-000000000004', 'pending', 'Architectural shingles - Charcoal', 8),
  ('d1000000-0000-0000-0000-000000000010', 'b1000000-0000-0000-0000-000000000001', 'c1000000-0000-0000-0000-000000000003', 'Install Windows & Ext Doors', '2026-04-05', '2026-04-08', 4, 'd1000000-0000-0000-0000-000000000008', 'a1000000-0000-0000-0000-000000000015', 'pending', 'Pella 250 series. On order.', 9),
  -- Rough-Ins
  ('d1000000-0000-0000-0000-000000000011', 'b1000000-0000-0000-0000-000000000001', 'c1000000-0000-0000-0000-000000000004', 'Rough Plumbing', '2026-04-10', '2026-04-16', 5, 'd1000000-0000-0000-0000-000000000009', 'a1000000-0000-0000-0000-000000000005', 'pending', NULL, 10),
  ('d1000000-0000-0000-0000-000000000012', 'b1000000-0000-0000-0000-000000000001', 'c1000000-0000-0000-0000-000000000004', 'Rough Electrical', '2026-04-10', '2026-04-16', 5, 'd1000000-0000-0000-0000-000000000009', 'a1000000-0000-0000-0000-000000000006', 'pending', '200 amp service', 11),
  ('d1000000-0000-0000-0000-000000000013', 'b1000000-0000-0000-0000-000000000001', 'c1000000-0000-0000-0000-000000000004', 'HVAC Rough-In', '2026-04-10', '2026-04-16', 5, 'd1000000-0000-0000-0000-000000000009', 'a1000000-0000-0000-0000-000000000007', 'pending', 'Carrier 16 SEER', 12),
  ('d1000000-0000-0000-0000-000000000014', 'b1000000-0000-0000-0000-000000000001', 'c1000000-0000-0000-0000-000000000004', 'Rough-In Inspections', '2026-04-17', '2026-04-18', 2, 'd1000000-0000-0000-0000-000000000011', NULL, 'pending', 'Plumbing, electrical, HVAC inspections', 13),
  -- Insulation & Drywall
  ('d1000000-0000-0000-0000-000000000015', 'b1000000-0000-0000-0000-000000000001', 'c1000000-0000-0000-0000-000000000005', 'Insulation', '2026-04-19', '2026-04-22', 4, 'd1000000-0000-0000-0000-000000000014', 'a1000000-0000-0000-0000-000000000012', 'pending', 'R-30 attic, R-13 walls. Spray foam in bathrooms.', 14),
  ('d1000000-0000-0000-0000-000000000016', 'b1000000-0000-0000-0000-000000000001', 'c1000000-0000-0000-0000-000000000005', 'Hang Drywall', '2026-04-23', '2026-04-29', 5, 'd1000000-0000-0000-0000-000000000015', 'a1000000-0000-0000-0000-000000000008', 'pending', NULL, 15),
  ('d1000000-0000-0000-0000-000000000017', 'b1000000-0000-0000-0000-000000000001', 'c1000000-0000-0000-0000-000000000005', 'Tape, Mud & Sand', '2026-04-30', '2026-05-06', 5, 'd1000000-0000-0000-0000-000000000016', 'a1000000-0000-0000-0000-000000000008', 'pending', '3 coats. Level 4 finish.', 16),
  -- Finishes
  ('d1000000-0000-0000-0000-000000000018', 'b1000000-0000-0000-0000-000000000001', 'c1000000-0000-0000-0000-000000000006', 'Prime & Paint Interior', '2026-05-07', '2026-05-13', 5, 'd1000000-0000-0000-0000-000000000017', 'a1000000-0000-0000-0000-000000000009', 'pending', 'SW Agreeable Gray throughout. White trim.', 17),
  ('d1000000-0000-0000-0000-000000000019', 'b1000000-0000-0000-0000-000000000001', 'c1000000-0000-0000-0000-000000000006', 'Install Cabinets', '2026-05-14', '2026-05-16', 3, 'd1000000-0000-0000-0000-000000000018', 'a1000000-0000-0000-0000-000000000013', 'pending', 'Shaker style, soft close. Kitchen + 2 baths.', 18),
  ('d1000000-0000-0000-0000-000000000020', 'b1000000-0000-0000-0000-000000000001', 'c1000000-0000-0000-0000-000000000006', 'Tile Work', '2026-05-17', '2026-05-23', 5, 'd1000000-0000-0000-0000-000000000019', 'a1000000-0000-0000-0000-000000000010', 'pending', 'Master shower, guest bath, kitchen backsplash', 19),
  ('d1000000-0000-0000-0000-000000000021', 'b1000000-0000-0000-0000-000000000001', 'c1000000-0000-0000-0000-000000000006', 'Install Flooring', '2026-05-24', '2026-05-29', 5, 'd1000000-0000-0000-0000-000000000020', 'a1000000-0000-0000-0000-000000000011', 'pending', 'LVP throughout living areas. Carpet in bedrooms.', 20),
  ('d1000000-0000-0000-0000-000000000022', 'b1000000-0000-0000-0000-000000000001', 'c1000000-0000-0000-0000-000000000006', 'Trim Plumbing', '2026-05-30', '2026-06-02', 3, 'd1000000-0000-0000-0000-000000000021', 'a1000000-0000-0000-0000-000000000005', 'pending', 'Fixtures, faucets, toilets', 21),
  ('d1000000-0000-0000-0000-000000000023', 'b1000000-0000-0000-0000-000000000001', 'c1000000-0000-0000-0000-000000000006', 'Trim Electrical', '2026-05-30', '2026-06-02', 3, 'd1000000-0000-0000-0000-000000000021', 'a1000000-0000-0000-0000-000000000006', 'pending', 'Switches, outlets, fixtures, panel trim', 22),
  -- Final
  ('d1000000-0000-0000-0000-000000000024', 'b1000000-0000-0000-0000-000000000001', 'c1000000-0000-0000-0000-000000000007', 'Paint Touch-Up & Cleanup', '2026-06-03', '2026-06-05', 3, 'd1000000-0000-0000-0000-000000000022', 'a1000000-0000-0000-0000-000000000009', 'pending', NULL, 23),
  ('d1000000-0000-0000-0000-000000000025', 'b1000000-0000-0000-0000-000000000001', 'c1000000-0000-0000-0000-000000000007', 'Landscaping', '2026-06-06', '2026-06-12', 5, 'd1000000-0000-0000-0000-000000000024', 'a1000000-0000-0000-0000-000000000014', 'pending', 'Sod, palms, irrigation, mulch beds', 24),
  ('d1000000-0000-0000-0000-000000000026', 'b1000000-0000-0000-0000-000000000001', 'c1000000-0000-0000-0000-000000000007', 'Final Inspections & CO', '2026-06-13', '2026-06-16', 2, 'd1000000-0000-0000-0000-000000000025', NULL, 'pending', 'Final building, fire, electric, plumbing', 25),
  ('d1000000-0000-0000-0000-000000000027', 'b1000000-0000-0000-0000-000000000001', 'c1000000-0000-0000-0000-000000000007', 'Punch List & Handover', '2026-06-17', '2026-06-20', 4, 'd1000000-0000-0000-0000-000000000026', NULL, 'pending', 'Walk-through with Henderson family', 26);

-- ═══════════════════════════════════════════════════════
-- PROJECT 2: Planning stage renovation
-- ═══════════════════════════════════════════════════════
INSERT INTO cs_projects (id, name, address, pm_name, status, start_date, estimated_end_date, notes) VALUES
  ('b1000000-0000-0000-0000-000000000002', 'Tavares Kitchen & Bath Reno', '890 Sinclair Ave, Tavares, FL 32778', 'Preston Wilson', 'planning', '2026-04-14', '2026-06-01', 'Full kitchen gut and master bath remodel. Owner: Mitchell.');

INSERT INTO cs_phases (id, project_id, name, sort_order, color) VALUES
  ('c2000000-0000-0000-0000-000000000001', 'b1000000-0000-0000-0000-000000000002', 'Demo', 0, '#ef4444'),
  ('c2000000-0000-0000-0000-000000000002', 'b1000000-0000-0000-0000-000000000002', 'Rough-Ins', 1, '#8b5cf6'),
  ('c2000000-0000-0000-0000-000000000003', 'b1000000-0000-0000-0000-000000000002', 'Finishes', 2, '#22c55e');

INSERT INTO cs_tasks (id, project_id, phase_id, name, start_date, end_date, duration_days, dependency_id, sub_id, status, notes, sort_order) VALUES
  ('d2000000-0000-0000-0000-000000000001', 'b1000000-0000-0000-0000-000000000002', 'c2000000-0000-0000-0000-000000000001', 'Kitchen Demo', '2026-04-14', '2026-04-16', 3, NULL, NULL, 'pending', 'Remove cabinets, countertops, flooring, backsplash', 0),
  ('d2000000-0000-0000-0000-000000000002', 'b1000000-0000-0000-0000-000000000002', 'c2000000-0000-0000-0000-000000000001', 'Master Bath Demo', '2026-04-17', '2026-04-18', 2, 'd2000000-0000-0000-0000-000000000001', NULL, 'pending', 'Gut to studs', 1),
  ('d2000000-0000-0000-0000-000000000003', 'b1000000-0000-0000-0000-000000000002', 'c2000000-0000-0000-0000-000000000002', 'Plumbing Rough-In', '2026-04-19', '2026-04-23', 3, 'd2000000-0000-0000-0000-000000000002', 'a1000000-0000-0000-0000-000000000005', 'pending', 'Relocate kitchen sink. New shower valve.', 2),
  ('d2000000-0000-0000-0000-000000000004', 'b1000000-0000-0000-0000-000000000002', 'c2000000-0000-0000-0000-000000000002', 'Electrical Rough-In', '2026-04-19', '2026-04-23', 3, 'd2000000-0000-0000-0000-000000000002', 'a1000000-0000-0000-0000-000000000006', 'pending', 'Add island outlet, under-cabinet LED, bath exhaust fan', 3),
  ('d2000000-0000-0000-0000-000000000005', 'b1000000-0000-0000-0000-000000000002', 'c2000000-0000-0000-0000-000000000002', 'Drywall Patch & Repair', '2026-04-24', '2026-04-28', 3, 'd2000000-0000-0000-0000-000000000003', 'a1000000-0000-0000-0000-000000000008', 'pending', NULL, 4),
  ('d2000000-0000-0000-0000-000000000006', 'b1000000-0000-0000-0000-000000000002', 'c2000000-0000-0000-0000-000000000003', 'Paint', '2026-04-29', '2026-05-01', 3, 'd2000000-0000-0000-0000-000000000005', 'a1000000-0000-0000-0000-000000000009', 'pending', 'Kitchen: SW Sea Salt. Bath: SW Alabaster.', 5),
  ('d2000000-0000-0000-0000-000000000007', 'b1000000-0000-0000-0000-000000000002', 'c2000000-0000-0000-0000-000000000003', 'Install Cabinets & Countertops', '2026-05-02', '2026-05-06', 3, 'd2000000-0000-0000-0000-000000000006', 'a1000000-0000-0000-0000-000000000013', 'pending', 'Quartz counters. Template 1 week before.', 6),
  ('d2000000-0000-0000-0000-000000000008', 'b1000000-0000-0000-0000-000000000002', 'c2000000-0000-0000-0000-000000000003', 'Tile — Bath & Backsplash', '2026-05-07', '2026-05-12', 4, 'd2000000-0000-0000-0000-000000000007', 'a1000000-0000-0000-0000-000000000010', 'pending', 'Subway tile backsplash, large format bath tile', 7),
  ('d2000000-0000-0000-0000-000000000009', 'b1000000-0000-0000-0000-000000000002', 'c2000000-0000-0000-0000-000000000003', 'Flooring', '2026-05-13', '2026-05-15', 3, 'd2000000-0000-0000-0000-000000000008', 'a1000000-0000-0000-0000-000000000011', 'pending', 'LVP kitchen, bath, hallway', 8),
  ('d2000000-0000-0000-0000-000000000010', 'b1000000-0000-0000-0000-000000000002', 'c2000000-0000-0000-0000-000000000003', 'Trim Plumbing & Electric', '2026-05-16', '2026-05-19', 2, 'd2000000-0000-0000-0000-000000000009', 'a1000000-0000-0000-0000-000000000005', 'pending', 'Install fixtures, faucets, disposal, outlets, switches', 9),
  ('d2000000-0000-0000-0000-000000000011', 'b1000000-0000-0000-0000-000000000002', 'c2000000-0000-0000-0000-000000000003', 'Final Punch & Cleanup', '2026-05-20', '2026-05-21', 2, 'd2000000-0000-0000-0000-000000000010', NULL, 'pending', 'Touch-up, clean, final walk-through', 10);

-- ═══════════════════════════════════════════════════════
-- PROJECT 3: Completed project (for history)
-- ═══════════════════════════════════════════════════════
INSERT INTO cs_projects (id, name, address, pm_name, status, start_date, estimated_end_date, notes) VALUES
  ('b1000000-0000-0000-0000-000000000003', 'Eustis Office Buildout', '415 Bay St, Eustis, FL 32726', 'Preston Wilson', 'completed', '2026-01-06', '2026-02-28', 'Commercial office TI. 2,400 sq ft. Owner: Lake County Insurance.');

-- ═══════════════════════════════════════════════════════
-- PROJECT 4: On hold
-- ═══════════════════════════════════════════════════════
INSERT INTO cs_projects (id, name, address, pm_name, status, start_date, estimated_end_date, notes) VALUES
  ('b1000000-0000-0000-0000-000000000004', 'Leesburg ADU Build', '1820 Griffin Rd, Leesburg, FL 34748', 'Preston Wilson', 'on_hold', '2026-05-01', '2026-08-15', 'Detached ADU / in-law suite. On hold pending permit approval.');

-- ═══════════════════════════════════════════════════════
-- TEMPLATES
-- ═══════════════════════════════════════════════════════
INSERT INTO cs_templates (id, name, description) VALUES
  ('ae100000-0000-0000-0000-000000000001', 'Standard New Build', 'Full new construction home — site work through CO. ~16 weeks.'),
  ('ae100000-0000-0000-0000-000000000002', 'Kitchen & Bath Renovation', 'Gut and remodel kitchen + bathroom. ~5 weeks.'),
  ('ae100000-0000-0000-0000-000000000003', 'Commercial Tenant Improvement', 'Office buildout in existing shell. ~6 weeks.');

-- Template 1: Standard New Build phases
INSERT INTO cs_template_phases (id, template_id, name, sort_order, color) VALUES
  ('af100000-0000-0000-0000-000000000001', 'ae100000-0000-0000-0000-000000000001', 'Site Work', 0, '#f97316'),
  ('af100000-0000-0000-0000-000000000002', 'ae100000-0000-0000-0000-000000000001', 'Foundation', 1, '#6b7280'),
  ('af100000-0000-0000-0000-000000000003', 'ae100000-0000-0000-0000-000000000001', 'Framing & Dry-In', 2, '#3b82f6'),
  ('af100000-0000-0000-0000-000000000004', 'ae100000-0000-0000-0000-000000000001', 'Rough-Ins', 3, '#8b5cf6'),
  ('af100000-0000-0000-0000-000000000005', 'ae100000-0000-0000-0000-000000000001', 'Insulation & Drywall', 4, '#06b6d4'),
  ('af100000-0000-0000-0000-000000000006', 'ae100000-0000-0000-0000-000000000001', 'Finishes', 5, '#22c55e'),
  ('af100000-0000-0000-0000-000000000007', 'ae100000-0000-0000-0000-000000000001', 'Final', 6, '#d4af37');

-- Template 1: Standard New Build tasks
INSERT INTO cs_template_tasks (id, template_id, template_phase_id, name, duration_days, offset_days, dependency_index, trade, sort_order) VALUES
  ('a7100000-0000-0000-0000-000000000001', 'ae100000-0000-0000-0000-000000000001', 'af100000-0000-0000-0000-000000000001', 'Clear & Grade', 3, 0, NULL, 'Excavation', 0),
  ('a7100000-0000-0000-0000-000000000002', 'ae100000-0000-0000-0000-000000000001', 'af100000-0000-0000-0000-000000000001', 'Dig Footers', 2, 3, 0, 'Excavation', 1),
  ('a7100000-0000-0000-0000-000000000003', 'ae100000-0000-0000-0000-000000000001', 'af100000-0000-0000-0000-000000000002', 'Pour Footers', 2, 5, 1, 'Foundation', 2),
  ('a7100000-0000-0000-0000-000000000004', 'ae100000-0000-0000-0000-000000000001', 'af100000-0000-0000-0000-000000000002', 'Foundation / Slab', 4, 7, 2, 'Foundation', 3),
  ('a7100000-0000-0000-0000-000000000005', 'ae100000-0000-0000-0000-000000000001', 'af100000-0000-0000-0000-000000000002', 'Cure & Inspect', 7, 11, 3, NULL, 4),
  ('a7100000-0000-0000-0000-000000000006', 'ae100000-0000-0000-0000-000000000001', 'af100000-0000-0000-0000-000000000003', 'Frame Walls', 7, 18, 4, 'Framing', 5),
  ('a7100000-0000-0000-0000-000000000007', 'ae100000-0000-0000-0000-000000000001', 'af100000-0000-0000-0000-000000000003', 'Frame Roof', 5, 25, 5, 'Framing', 6),
  ('a7100000-0000-0000-0000-000000000008', 'ae100000-0000-0000-0000-000000000001', 'af100000-0000-0000-0000-000000000003', 'Roofing', 5, 30, 6, 'Roofing', 7),
  ('a7100000-0000-0000-0000-000000000009', 'ae100000-0000-0000-0000-000000000001', 'af100000-0000-0000-0000-000000000003', 'Windows & Doors', 4, 30, 6, 'Windows & Doors', 8),
  ('a7100000-0000-0000-0000-000000000010', 'ae100000-0000-0000-0000-000000000001', 'af100000-0000-0000-0000-000000000004', 'Rough Plumbing', 5, 35, 7, 'Plumbing', 9),
  ('a7100000-0000-0000-0000-000000000011', 'ae100000-0000-0000-0000-000000000001', 'af100000-0000-0000-0000-000000000004', 'Rough Electrical', 5, 35, 7, 'Electrical', 10),
  ('a7100000-0000-0000-0000-000000000012', 'ae100000-0000-0000-0000-000000000001', 'af100000-0000-0000-0000-000000000004', 'HVAC Rough-In', 5, 35, 7, 'HVAC', 11),
  ('a7100000-0000-0000-0000-000000000013', 'ae100000-0000-0000-0000-000000000001', 'af100000-0000-0000-0000-000000000005', 'Insulation', 4, 42, 9, 'Insulation', 12),
  ('a7100000-0000-0000-0000-000000000014', 'ae100000-0000-0000-0000-000000000001', 'af100000-0000-0000-0000-000000000005', 'Hang Drywall', 5, 46, 12, 'Drywall', 13),
  ('a7100000-0000-0000-0000-000000000015', 'ae100000-0000-0000-0000-000000000001', 'af100000-0000-0000-0000-000000000005', 'Tape, Mud & Sand', 5, 51, 13, 'Drywall', 14),
  ('a7100000-0000-0000-0000-000000000016', 'ae100000-0000-0000-0000-000000000001', 'af100000-0000-0000-0000-000000000006', 'Paint Interior', 5, 56, 14, 'Painting', 15),
  ('a7100000-0000-0000-0000-000000000017', 'ae100000-0000-0000-0000-000000000001', 'af100000-0000-0000-0000-000000000006', 'Cabinets', 3, 61, 15, 'Cabinetry', 16),
  ('a7100000-0000-0000-0000-000000000018', 'ae100000-0000-0000-0000-000000000001', 'af100000-0000-0000-0000-000000000006', 'Tile', 5, 64, 16, 'Tile', 17),
  ('a7100000-0000-0000-0000-000000000019', 'ae100000-0000-0000-0000-000000000001', 'af100000-0000-0000-0000-000000000006', 'Flooring', 5, 69, 17, 'Flooring', 18),
  ('a7100000-0000-0000-0000-000000000020', 'ae100000-0000-0000-0000-000000000001', 'af100000-0000-0000-0000-000000000006', 'Trim Plumbing', 3, 74, 18, 'Plumbing', 19),
  ('a7100000-0000-0000-0000-000000000021', 'ae100000-0000-0000-0000-000000000001', 'af100000-0000-0000-0000-000000000006', 'Trim Electrical', 3, 74, 18, 'Electrical', 20),
  ('a7100000-0000-0000-0000-000000000022', 'ae100000-0000-0000-0000-000000000001', 'af100000-0000-0000-0000-000000000007', 'Touch-Up & Cleanup', 3, 77, 19, 'Painting', 21),
  ('a7100000-0000-0000-0000-000000000023', 'ae100000-0000-0000-0000-000000000001', 'af100000-0000-0000-0000-000000000007', 'Landscaping', 5, 80, 21, 'Landscaping', 22),
  ('a7100000-0000-0000-0000-000000000024', 'ae100000-0000-0000-0000-000000000001', 'af100000-0000-0000-0000-000000000007', 'Final Inspections & CO', 2, 85, 22, NULL, 23),
  ('a7100000-0000-0000-0000-000000000025', 'ae100000-0000-0000-0000-000000000001', 'af100000-0000-0000-0000-000000000007', 'Punch List & Handover', 4, 87, 23, NULL, 24);

-- Template 2: Kitchen & Bath Reno phases
INSERT INTO cs_template_phases (id, template_id, name, sort_order, color) VALUES
  ('af200000-0000-0000-0000-000000000001', 'ae100000-0000-0000-0000-000000000002', 'Demo', 0, '#ef4444'),
  ('af200000-0000-0000-0000-000000000002', 'ae100000-0000-0000-0000-000000000002', 'Rough-Ins', 1, '#8b5cf6'),
  ('af200000-0000-0000-0000-000000000003', 'ae100000-0000-0000-0000-000000000002', 'Finishes', 2, '#22c55e');

INSERT INTO cs_template_tasks (id, template_id, template_phase_id, name, duration_days, offset_days, dependency_index, trade, sort_order) VALUES
  ('a7200000-0000-0000-0000-000000000001', 'ae100000-0000-0000-0000-000000000002', 'af200000-0000-0000-0000-000000000001', 'Kitchen Demo', 3, 0, NULL, 'General', 0),
  ('a7200000-0000-0000-0000-000000000002', 'ae100000-0000-0000-0000-000000000002', 'af200000-0000-0000-0000-000000000001', 'Bath Demo', 2, 3, 0, 'General', 1),
  ('a7200000-0000-0000-0000-000000000003', 'ae100000-0000-0000-0000-000000000002', 'af200000-0000-0000-0000-000000000002', 'Plumbing Rough-In', 3, 5, 1, 'Plumbing', 2),
  ('a7200000-0000-0000-0000-000000000004', 'ae100000-0000-0000-0000-000000000002', 'af200000-0000-0000-0000-000000000002', 'Electrical Rough-In', 3, 5, 1, 'Electrical', 3),
  ('a7200000-0000-0000-0000-000000000005', 'ae100000-0000-0000-0000-000000000002', 'af200000-0000-0000-0000-000000000002', 'Drywall Patch', 3, 8, 2, 'Drywall', 4),
  ('a7200000-0000-0000-0000-000000000006', 'ae100000-0000-0000-0000-000000000002', 'af200000-0000-0000-0000-000000000003', 'Paint', 3, 11, 4, 'Painting', 5),
  ('a7200000-0000-0000-0000-000000000007', 'ae100000-0000-0000-0000-000000000002', 'af200000-0000-0000-0000-000000000003', 'Cabinets & Counters', 3, 14, 5, 'Cabinetry', 6),
  ('a7200000-0000-0000-0000-000000000008', 'ae100000-0000-0000-0000-000000000002', 'af200000-0000-0000-0000-000000000003', 'Tile', 4, 17, 6, 'Tile', 7),
  ('a7200000-0000-0000-0000-000000000009', 'ae100000-0000-0000-0000-000000000002', 'af200000-0000-0000-0000-000000000003', 'Flooring', 3, 21, 7, 'Flooring', 8),
  ('a7200000-0000-0000-0000-000000000010', 'ae100000-0000-0000-0000-000000000002', 'af200000-0000-0000-0000-000000000003', 'Trim & Fixtures', 2, 24, 8, 'Plumbing', 9),
  ('a7200000-0000-0000-0000-000000000011', 'ae100000-0000-0000-0000-000000000002', 'af200000-0000-0000-0000-000000000003', 'Punch & Cleanup', 2, 26, 9, NULL, 10);

-- ─── Sample notification history ─────────────────────
INSERT INTO cs_notifications (project_id, sub_id, task_id, channel, message, status, sent_at) VALUES
  ('b1000000-0000-0000-0000-000000000001', 'a1000000-0000-0000-0000-000000000003', 'd1000000-0000-0000-0000-000000000006', 'sms', 'WHB Schedule Update — Lakewood Custom Home

Hi James "Red" Patterson, the following schedule changes affect your work:

• Frame Walls: Mar 20–Mar 26 → Mar 22–Mar 28

Please plan accordingly. Questions? Reply to this message.', 'sent', '2026-03-18T14:30:00Z'),
  ('b1000000-0000-0000-0000-000000000001', 'a1000000-0000-0000-0000-000000000004', 'd1000000-0000-0000-0000-000000000009', 'sms', 'WHB Schedule Update — Lakewood Custom Home

Hi Carlos Mendez, the following schedule changes affect your work:

• Install Roofing: Apr 3–Apr 7 → Apr 5–Apr 9

Please plan accordingly. Questions? Reply to this message.', 'sent', '2026-03-18T14:30:00Z');
